,metric,length,duration_ms,duration_ci,cpu_ram_mb,cpu_ram_ci,gpu_ram_mb,gpu_ram_ci
0,BLEU,medium,0.7585763931274414,0.07094993916932335,0.0,0.0,0,0.0
1,ROUGE,medium,28.624882698059082,1.938627174533213,0.002265625,0.0035413861714906213,0,0.0
2,BERTScore_roberta-large,medium,1318.4773015975952,39.30370936583927,15.25015625,5.4104149251372995,0,0.0
