,metric,length,duration_ms,duration_ci,cpu_ram_mb,cpu_ram_ci,gpu_ram_mb,gpu_ram_ci
0,BLEU,short,0.17951488494873047,0.00964601063125306,0.0,0.0,0,0.0
1,ROUGE,short,14.470977783203125,0.18009669182424304,0.00015625,0.0002143303524935281,0,0.0
2,BERTScore_roberta-large,short,992.9246520996094,65.36419139384248,1.036484375,0.6219648246136116,0,0.0
