,metric,length,duration_ms,duration_ci,cpu_ram_mb,cpu_ram_ci,gpu_ram_mb,gpu_ram_ci
0,BLEU,medium,0.6079276402791342,0.08989275958860088,0.0,0.0,0,0.0
1,ROUGE,medium,14.105057716369629,2.4658516795127206,0.0,0.0,0,0.0
2,BERTScore_roberta-large,medium,1232.1865479151409,36.87923632985235,15.0640625,6.820111373335456,0,0.0
