,sum_sq,df,F,PR(>F)
C(group),13.253019055454264,4.0,93.3868019544695,1.936154071466212e-49
Residual,9.401890781653684,265.0,,
