,metric,length,duration_ms,duration_ci,cpu_ram_mb,cpu_ram_ci,gpu_ram_mb,gpu_ram_ci
0,BLEU,long,6.815528869628906,0.6402369379450459,0.03515625,0.0194724364487344,0,0.0
1,ROUGE,long,821.2156915664673,94.44991984496198,0.51359375,0.30007016718490187,0,0.0
2,BERTScore_roberta-large,long,4265.561351776123,5480.276486984027,1.226328125,0.6057079431479979,0,0.0
