,phase,duration_milliseconds,cpu_ram_mb,gpu_ram_mb,disk_usage_change_mb,baseline_cpu_ram_mb,baseline_gpu_ram_mb,total_cpu_ram_mb,total_gpu_ram_mb
0,start→after_import,2778.439998626709,118.66015625,0,0.0078125,602.65625,0.0,721.31640625,0.0
1,after_import→after_construct,401.10015869140625,0.8671875,0,0.0,721.31640625,0.0,722.18359375,0.0
2,after_construct→after_first_call,1482.9652309417725,66.42578125,0,0.0,722.18359375,0.0,788.609375,0.0
3,after_first_call→after_unload,168.97153854370117,0.0,0,0.0,788.609375,0.0,788.609375,0.0
