,example_id,duration_milliseconds,cpu_ram_mb,gpu_ram_mb,disk_usage_change_mb,baseline_cpu_ram_mb,baseline_gpu_ram_mb,total_cpu_ram_mb,total_gpu_ram_mb
0,0,817.4307346343994,7.984375,0,0.0,799.109375,0.0,807.09375,0.0
1,1,912.9559993743896,16.40625,0,0.0,805.09375,0.0,821.5,0.0
2,2,1259.3116760253906,8.65625,0,0.0,820.5,0.0,829.15625,0.0
