Top 1 Metric & Value,Top 2 Metric & Value,Top 3 Metric & Value,Top 4 Metric & Value,Top 5 Metric & Value
Rg_coherence (0.37986145011090716),Linear_coherence (0.3092466185600984),RandomForest_coherence (0.35780115016187164),UniEvalSum-coherence (0.37397927159087613),UniEvalSum-relevance (0.37793127401196824)
UniEvalSum-consistency (0.23957488000654326),Linear_relevance (0.14178356670953907),PLS_consistency (0.2669729076056729),RandomForest_coherence (0.20616133519851526),Linear_consistency (0.25091050987762564)
Rg_coherence (0.243108649441026),PLS_coherence (0.2706741965645268),RandomForest_coherence (0.242102743578473),PLS_consistency (0.2526141446100236),RandomForest_relevance (0.1983437150790091)
Linear_relevance (0.3081043416204455),Linear_coherence (0.3144106435055393),RandomForest_coherence (0.35444762328065066),Rg_relevance (0.3744060762997274),Rg_coherence (0.3298087858987235)
