,sum_sq,df,F,PR(>F)
C(group),0.7355252156942113,4.0,4.507458577581781,0.0015392564478403938
Residual,10.810647441575382,265.0,,
