,metric,sensitivity_worse_subtle,sensitivity_worse_obvious,stability_same_subtle,stability_same_obvious
0,BLEU,0.3533531270174363,0.46482494602255064,0.8153609797411342,0.7845021592175807
1,SARI_F,-0.02378223655848089,-0.013664198466448048,0.8588364689628348,0.7598886459866716
2,SARI_P,0.0357324363527853,0.0711166439458066,0.7862116215965861,0.7959089541169055
