,metric,length,duration_ms,duration_ci,cpu_ram_mb,cpu_ram_ci,gpu_ram_mb,gpu_ram_ci
0,BERTScore_roberta-large,short,890.899387995402,37.85628977001704,1.6265625,0.8122499264113725,0,0.0
1,BERTScore_roberta-large,medium,1232.1865479151409,36.87923632985235,15.0640625,6.820111373335456,0,0.0
2,BERTScore_roberta-large,long,1324.5741764704387,47.63778818952596,0.6096354166666667,0.394870131639532,0,0.0
