,metric,length,duration_ms,duration_ci,cpu_ram_mb,cpu_ram_ci,gpu_ram_mb,gpu_ram_ci
0,ROUGE,short,14.470977783203125,0.18009669182424304,0.00015625,0.0002143303524935281,0,0.0
1,ROUGE,medium,28.624882698059082,1.938627174533213,0.002265625,0.0035413861714906213,0,0.0
2,ROUGE,long,821.2156915664673,94.44991984496198,0.51359375,0.30007016718490187,0,0.0
