,example_id,duration_milliseconds,cpu_ram_mb,gpu_ram_mb,disk_usage_change_mb,baseline_cpu_ram_mb,baseline_gpu_ram_mb,total_cpu_ram_mb,total_gpu_ram_mb
0,0,1461.885690689087,90.25,0,0.0,1201.2109375,0.0,1291.4609375,0.0
1,1,1465.9523963928223,4.6640625,0,0.0,1291.4609375,0.0,1296.125,0.0
2,2,1628.328800201416,0.91015625,0,0.0,1291.83984375,0.0,1292.75,0.0
