,metric,length,duration_ms,duration_ci,cpu_ram_mb,cpu_ram_ci,gpu_ram_mb,gpu_ram_ci
0,BLEU,short,0.07494290669759114,0.0085424698825321,0.0,0.0,0,0.0
1,BLEU,medium,0.6079276402791342,0.08989275958860088,0.0,0.0,0,0.0
2,BLEU,long,5.601565043131511,0.7636275872195286,0.06015625,0.057758642492677946,0,0.0
