,sum_sq,df,F,PR(>F)
C(group),0.9409725913827222,4.0,9.735877092740454,2.3159930181040824e-07
Residual,6.403062978844369,265.0,,
