,metric,length,duration_ms,duration_ci,cpu_ram_mb,cpu_ram_ci,gpu_ram_mb,gpu_ram_ci
0,ROUGE,short,0.7809638977050781,0.13731735625089747,0.0,0.0,0,0.0
1,ROUGE,medium,14.105057716369629,2.4658516795127206,0.0,0.0,0,0.0
2,ROUGE,long,737.805183728536,114.34719533142493,0.15143229166666666,0.2053038026786505,0,0.0
