,sum_sq,df,F,PR(>F)
C(group),1.4517847896867837,4.0,9.55095589356585,3.148372567406003e-07
Residual,10.07027394834302,265.0,,
