,sum_sq,df,F,PR(>F)
C(group),0.49837737113340497,4.0,4.402412499409325,0.0018375310943887003
Residual,7.499865322029241,265.0,,
