,metric,length,duration_ms,duration_ci,cpu_ram_mb,cpu_ram_ci,gpu_ram_mb,gpu_ram_ci
0,BLEU,long,5.601565043131511,0.7636275872195286,0.06015625,0.057758642492677946,0,0.0
1,ROUGE,long,737.805183728536,114.34719533142493,0.15143229166666666,0.2053038026786505,0,0.0
2,BERTScore_roberta-large,long,1324.5741764704387,47.63778818952596,0.6096354166666667,0.394870131639532,0,0.0
