,sum_sq,df,F,PR(>F)
C(group),0.6304142071603391,4.0,5.1063757480239635,0.0005594046322662627
Residual,8.178979237972143,265.0,,
