,phase,duration_milliseconds,cpu_ram_mb,gpu_ram_mb,disk_usage_change_mb,baseline_cpu_ram_mb,baseline_gpu_ram_mb,total_cpu_ram_mb,total_gpu_ram_mb
0,start→after_import,2673.7656593322754,118.7578125,0,0.0078125,602.6171875,0.0,721.375,0.0
1,after_import→after_construct,304.34107780456543,0.78515625,0,0.0,721.375,0.0,722.16015625,0.0
2,after_construct→after_first_call,1454.1800022125244,82.22265625,0,0.0,722.16015625,0.0,804.3828125,0.0
3,after_first_call→after_unload,170.24993896484375,0.0,0,0.0,804.3828125,0.0,804.3828125,0.0
