,metric,length,duration_ms,duration_ci,cpu_ram_mb,cpu_ram_ci,gpu_ram_mb,gpu_ram_ci
0,BLEU,short,0.17951488494873047,0.00964601063125306,0.0,0.0,0,0.0
1,BLEU,medium,0.7585763931274414,0.07094993916932335,0.0,0.0,0,0.0
2,BLEU,long,6.815528869628906,0.6402369379450459,0.03515625,0.0194724364487344,0,0.0
