,metric,sensitivity_worse_subtle,sensitivity_worse_obvious,stability_same_subtle,stability_same_obvious
0,BLEU,0.10972899696632114,0.21015323658839732,0.8187013687991127,0.739092054150015
1,SARI_F,0.002739194518024099,0.011228469995406472,0.8139323958220162,0.8112645346371277
2,SARI_P,0.04096915235669,0.08030362681409182,0.7566629768424935,0.8396002425577156
