,metric,sensitivity_worse_subtle,sensitivity_worse_obvious,stability_same_subtle,stability_same_obvious
0,BLEU,0.24872830392245407,0.3601133199716716,0.8309157167438731,0.6678922594495698
1,SARI_F,-0.01122947518438186,0.03332717445646848,0.8209862986184095,0.8214372421053833
2,SARI_P,0.11784756580290712,0.18141987304606297,0.8003997194402438,0.8121693479620965
