,ram_mb,ram_mb,baseline_ram_mb,baseline_ram_mb,total_ram_mb,total_ram_mb,duration_ms,duration_ms
,mean,std,mean,std,mean,std,mean,std
text_length,,,,,,,,
long,182.05859375,,1095.88671875,,1277.9453125,,2161.473035812378,
medium,91.0,44.3267563456317,943.7421875,42.18333891515998,1034.7421875,86.51009526079167,1913.1767749786377,1.8510895865984658
short,24.7109375,4.076912535278688,878.28515625,19.511727743366297,902.99609375,15.434815208087608,1552.2823333740234,5.508087338191719
