,sum_sq,df,F,PR(>F)
C(group),2.8410755280450433,4.0,10.934049205870073,3.2043460229903025e-08
Residual,17.214231451595747,265.0,,
