,metric,length,duration_ms,duration_ci,cpu_ram_mb,cpu_ram_ci,gpu_ram_mb,gpu_ram_ci
0,BLEU,short,0.07494290669759114,0.0085424698825321,0.0,0.0,0,0.0
1,ROUGE,short,0.7809638977050781,0.13731735625089747,0.0,0.0,0,0.0
2,BERTScore_roberta-large,short,890.899387995402,37.85628977001704,1.6265625,0.8122499264113725,0,0.0
