,metric,length,duration_ms,duration_ci,cpu_ram_mb,cpu_ram_ci,gpu_ram_mb,gpu_ram_ci
0,BERTScore_roberta-large,short,992.9246520996094,65.36419139384248,1.036484375,0.6219648246136116,0,0.0
1,BERTScore_roberta-large,medium,1318.4773015975952,39.30370936583927,15.25015625,5.4104149251372995,0,0.0
2,BERTScore_roberta-large,long,4265.561351776123,5480.276486984027,1.226328125,0.6057079431479979,0,0.0
