,sum_sq,df,F,PR(>F)
C(group),0.5682777202652978,4.0,3.048377025870543,0.017605681872005823
Residual,12.35030924589274,265.0,,
