,sum_sq,df,F,PR(>F)
C(group),6.406953480710949,4.0,36.73288064427871,1.9923305057003673e-24
Residual,11.555333005531974,265.0,,
