,phase,duration_milliseconds,cpu_ram_mb,gpu_ram_mb,disk_usage_change_mb,baseline_cpu_ram_mb,baseline_gpu_ram_mb,total_cpu_ram_mb,total_gpu_ram_mb
0,start→after_import,2712.649345397949,118.703125,0,0.0078125,602.625,0.0,721.328125,0.0
1,after_import→after_construct,438.9231204986572,0.82421875,0,0.0,721.328125,0.0,722.15234375,0.0
2,after_construct→after_first_call,1433.3841800689697,81.3046875,0,0.0,722.15234375,0.0,803.45703125,0.0
3,after_first_call→after_unload,170.3622341156006,0.0,0,0.0,803.45703125,0.0,803.45703125,0.0
