,example_id,duration_milliseconds,cpu_ram_mb,gpu_ram_mb,disk_usage_change_mb,baseline_cpu_ram_mb,baseline_gpu_ram_mb,total_cpu_ram_mb,total_gpu_ram_mb
0,0,1658.747673034668,33.25390625,0,-0.01953125,1036.6328125,0.0,1069.88671875,0.0
1,1,1599.2364883422852,8.58203125,0,0.0,1036.6328125,0.0,1045.21484375,0.0
